stem,split
1015,train
40,train
1083,train
3061,train
12,train
17,train
2007,train
3046,train
1052,train
3018,train
3066,train
1035,train
3012,train
3004,train
1054,train
2015,train
23,train
3028,train
3047,train
1028,train
34,train
1075,train
3040,train
3011,train
3063,train
3097,train
16,train
3006,train
2031,train
3029,train
3001,train
3013,train
1066,train
3070,train
10,train
2003,train
1073,train
2014,train
3082,train
3,train
3020,train
2019,train
3027,train
3080,train
2026,train
1071,train
1026,train
3081,train
3056,train
2006,train
2038,train
2043,train
3065,train
3007,train
46,train
1062,train
3015,train
1082,train
3030,train
1009,train
1032,train
1025,train
2041,train
3074,train
3067,train
21,train
1048,train
4,train
3037,train
1038,train
3084,train
3034,train
2035,train
1023,train
48,train
2040,train
3017,train
0,train
3094,train
2,train
3073,train
3068,train
18,train
1033,train
1058,train
2049,train
3050,train
3019,train
3055,train
1008,train
6,train
3093,train
1024,train
3036,train
1001,train
2021,train
1029,train
3038,train
28,train
3026,train
3071,train
2037,train
1059,train
2034,train
2027,train
45,train
3085,train
1067,train
3090,train
1041,train
3049,train
22,train
1037,train
2022,train
3078,train
1020,train
37,train
3079,train
1078,train
3041,train
1036,train
3053,train
3072,train
3033,train
1011,train
1044,train
3088,train
31,train
3035,train
27,train
1040,train
3051,train
2044,train
3024,train
3054,train
3064,train
1000,train
2004,train
1050,train
2032,train
1,train
2030,train
2002,train
1046,train
29,train
1077,train
3039,train
1031,train
3098,train
1004,train
3005,train
3032,train
32,train
2009,train
11,train
1080,train
2028,train
1049,train
1086,train
1005,train
3083,train
3075,train
1010,train
1056,train
1085,train
3000,train
49,train
2033,train
42,train
3077,train
1051,train
1047,train
3008,train
3023,train
3021,train
3003,train
1055,train
1045,train
3069,train
3086,train
1018,train
26,train
3025,train
3091,train
2048,train
2029,train
2050,train
19,train
1084,train
3048,train
2020,train
9,train
1017,train
3022,train
1068,train
2005,train
36,train
2001,train
3009,val
1002,val
25,val
1006,val
13,val
3058,val
3016,val
44,val
2039,val
2051,val
3045,val
24,val
3031,val
1019,val
3044,val
1074,val
1012,val
2008,val
1063,val
1070,val
1003,val
7,val
3002,val
47,val
2025,val
3043,val
1022,val
1034,val
2012,val
3060,val
3092,val
1014,val
8,val
1042,val
20,val
5,val
3042,val
2023,val
3057,val
1007,val
3052,val
1076,val
1013,test
1081,test
38,test
41,test
1030,test
1016,test
2046,test
3062,test
2042,test
2013,test
2010,test
2047,test
3076,test
1064,test
2036,test
2011,test
2016,test
3096,test
3010,test
1065,test
39,test
1039,test
2045,test
1057,test
1087,test
1069,test
2024,test
1060,test
1053,test
30,test
1027,test
3014,test
1043,test
33,test
3089,test
2017,test
2018,test
3095,test
3087,test
35,test
1021,test
43,test
1072,test
