epoch,train_loss,val_loss,val_iou,val_dice,val_precision,val_recall
1,0.8690376522565129,0.6589210884911674,0.7035520333341534,0.82598244088521,0.8840194373339226,0.7750963811234456
2,0.5682158554443205,0.60828393413907,0.7410092364128134,0.8512410168938489,0.7898154397560326,0.9230267094597461
3,0.5469206559537637,0.5652270714441935,0.710430464492375,0.8307037079150925,0.8777967724287983,0.7884063642249425
4,0.4968190614623253,0.4477462697596777,0.7760308492013784,0.8738934343965178,0.9170134561048999,0.8346464914111711
5,0.44191933972666964,0.4331438399496533,0.7896277113130034,0.882449133215169,0.8646323248345243,0.901015664893678
6,0.43784941326488147,0.4212959295227414,0.7932229634161331,0.8846897230281103,0.8618021259034707,0.9088261770604233
7,0.4079871725554418,0.4679494471777053,0.7646262822616975,0.8666155434131767,0.8146989751276118,0.9255992124560275
8,0.3620133496294118,0.4046520661740076,0.7937322398682295,0.8850063819185614,0.8676207920549324,0.9031029720656267
9,0.351600954628954,0.4329237313497634,0.7789738313005418,0.8757563687500257,0.9191705957063043,0.8362582540319654
10,0.3385230718236981,0.48655104637145996,0.7500260544486922,0.8571598720397013,0.9468732459522605,0.7829753295909104
11,0.3787052125641794,0.48498434679848806,0.7515609175328114,0.8581613234342249,0.9340472458505581,0.7936794689342369
12,0.35858162816124733,0.40853971810567946,0.7918241596609918,0.8838190459612987,0.8392865173458655,0.9333421657105239
13,0.33562683336662524,0.3932667715208871,0.7931088416823041,0.8846187395274959,0.922458270828781,0.8497612625970306
14,0.31338868418125193,0.364482391448248,0.8119920951536019,0.8962424254778767,0.8685360758211357,0.9257746901501804
15,0.2945930145003579,0.34629957448868526,0.8226742560638105,0.9027112259109115,0.9017809298659574,0.9036434433636177
16,0.29556464667272087,0.351646526938393,0.8204722239698368,0.9013839521051995,0.8988856983558229,0.9038961312431978
17,0.2803903167898005,0.3389019554569608,0.8249118958528937,0.9040566810129336,0.9100973045639158,0.8980957160629739
18,0.2773738226505241,0.34412038184347604,0.8202776406602412,0.9012665126872783,0.9119421216665698,0.8908379586328103
19,0.26603701921424483,0.350132140375319,0.8242128656600959,0.9036367204458372,0.8849301035430676,0.9231512986225947
20,0.2683197952280141,0.35517445632389616,0.8154252434319245,0.898329739968168,0.9091163926516029,0.8877960528046699
21,0.2504087442701513,0.3432527454126449,0.8266101880209057,0.9050756351211647,0.8948880569812998,0.9154978389921162
22,0.24667172811248086,0.34905150674638297,0.8211601321539523,0.901798933169854,0.9012177351020095,0.9023808813541876
23,0.24879252729993878,0.3505190227712904,0.8195483382443695,0.9008261237347817,0.9004640283764005,0.9011885104224187
24,0.25363787496932827,0.3462441038517725,0.8243326452674345,0.9037087040084107,0.9006467849853075,0.9067915131967205
25,0.24302452200590963,0.35015474756558734,0.8194018629497949,0.9007376321153141,0.9055161467661331,0.896009286279496
26,0.24372721410760975,0.3541308996223268,0.815964440792414,0.8986568486289961,0.9125153191122909,0.8852130211467394
27,0.2371120522118578,0.34812672365279423,0.82038317404982,0.9013302097543644,0.900677940560532,0.9019834243769312
28,0.2405607257828568,0.3460967852955773,0.8220036890426486,0.9023073816876421,0.8998433689206505,0.9047849257640822
29,0.23541031868168802,0.35135501623153687,0.8182079486149484,0.9000158086848454,0.9059824044834335,0.8941272880097063
30,0.23445994324154323,0.3516199773266202,0.8183501066688887,0.9001018051117321,0.9046620928766306,0.8955872624250584
